ACCIDENT_YEAR,COLLISION_DATE,COLLISION_TIME,MONTH,SEASON,24HOURS,DAY_OF_WEEK,INTERSECTION,WEATHER_1,STATE_HWY_IND,ROAD_SURFACE,ROAD_COND_1,LIGHTING,STWD_VEHTYPE_AT_FAULT,CHP_VEHTYPE_AT_FAULT,DIRECTION,PCF_VIOL_CATEGORY,TYPE_OF_COLLISION,PEDESTRIAN_ACCIDENT,BICYCLE_ACCIDENT,MOTORCYCLE_ACCIDENT,TRUCK_ACCIDENT,MVIW,TOW_AWAY,HIT_AND_RUN,CONTROL_DEVICE,NUMBER_INJURED,COUNT_PED_INJURED,COUNT_BICYCLIST_INJURED,COUNT_MC_INJURED,PCF_VIOLATION,PARTY_COUNT,POINT_Y,POINT_X,COLLISION_SEVERITY
2018,2018-07-23,2115,7,2,21,1,N,B,N,A,H,D,A,07,S,01,F,,,,,A,Y,N,D,3,0,0,0,23152.0,1,40.16829681396485,-120.9686279296875,2
2018,2018-07-31,330,7,2,3,2,N,B,Y,A,H,D,A,07,E,08,A,,,,,E,Y,N,D,1,0,0,0,22107.0,2,39.791202545166016,-120.11129760742188,4
2018,2018-07-28,958,7,2,9,6,N,A,Y,A,H,A,L,04,E,09,H,,Y,,,G,N,N,D,1,0,1,0,21801.0,2,39.854053497314446,-120.68434143066406,2
2018,2018-07-26,2020,7,2,20,4,N,A,N,A,H,D,A,07,S,08,F,,,,,A,Y,N,D,1,0,0,0,22107.0,1,39.659759521484375,-121.0152587890625,2
2018,2018-07-29,1430,7,2,14,7,N,F,N,A,H,A,-,- ,W,18,H,,,Y,,H,N,N,D,1,0,0,1,,1,40.050491333007805,-120.78028869628906,2
2018,2018-08-03,1628,8,2,16,5,N,A,N,A,H,A,A,01,W,08,E,,,,,I,Y,N,D,1,0,0,0,22107.0,1,39.758495330810554,-120.5389404296875,3
2018,2018-08-06,1114,8,2,11,1,N,A,Y,A,H,A,A,07,S,01,F,,,,,A,Y,N,D,1,0,0,0,23152.0,1,40.17723846435546,-121.05224609375,3
2018,2018-07-27,2130,7,2,21,5,N,A,N,A,H,D,D,22,S,01,F,,,,,A,Y,N,D,1,0,0,0,23152.0,1,39.91271209716797,-120.41705322265624,2
2018,2018-08-10,1755,8,2,17,5,Y,A,Y,A,H,A,A,07,,09,D,,,,,C,Y,N,A,2,0,0,0,21802.0,2,39.934661865234375,-120.9149932861328,3
2018,2018-08-04,2120,8,2,21,6,N,A,Y,A,H,C,A,01,E,09,C,,,,,C,N,N,A,1,0,0,0,21802.0,2,40.305130004882805,-121.14306640625,4
2018,2018-08-11,1520,8,2,15,6,N,A,Y,A,H,A,M,94,E,00,A,,,,,C,N,N,D,1,0,0,0,21221.0,2,39.93463134765625,-120.91424560546876,2
2018,2018-08-10,1048,8,2,10,5,N,A,Y,A,H,A,A,07,E,06,H,,Y,,,G,N,N,A,1,0,1,0,21951.0,2,39.93667602539063,-120.94409942626952,3
2018,2018-08-12,825,8,2,8,7,N,A,N,A,G,A,-,- ,W,18,F,,Y,,,A,N,N,D,1,0,1,0,,1,39.9540901184082,-120.8855209350586,2
2018,2018-08-16,1000,8,2,10,4,N,A,Y,A,H,A,D,22,W,08,E,,,,,I,Y,N,D,1,0,0,0,22107.0,1,40.31187438964844,-121.22599029541016,3
2018,2018-08-18,1425,8,2,14,6,N,A,Y,A,H,A,C,02,S,03,C,,,Y,,C,Y,N,D,1,0,0,1,22350.0,2,39.762065887451165,-120.61100769042967,3
2018,2018-08-16,1520,8,2,15,4,N,A,Y,A,H,A,-,- ,W,18,D,,Y,,,G,N,N,D,1,0,1,0,,2,,,3
2018,2018-08-19,1455,8,2,14,7,N,A,N,A,H,A,C,02,S,21,F,,,Y,,A,N,N,D,1,0,0,1,22106.0,1,40.216411590576165,-121.16948699951172,4
2018,2018-08-19,1700,8,2,17,7,N,A,N,A,H,A,A,01,N,08,E,,,,,I,Y,N,D,1,0,0,0,22107.0,1,39.75516128540039,-121.29708862304688,4
2018,2018-08-16,1950,8,2,19,4,N,A,N,A,H,B,A,07,N,01,E,,,,,I,Y,N,D,1,0,0,0,23152.0,1,39.79739761352539,-120.52722930908205,3
2018,2018-08-18,1955,8,2,19,6,N,A,N,A,H,B,C,02,W,01,A,,,Y,,C,Y,N,D,2,0,0,1,23152.0,2,39.75209426879882,-120.31487274169922,2
2018,2018-08-27,2145,8,2,21,1,N,A,N,A,H,D,A,07,E,01,E,,,,,I,Y,N,D,1,0,0,0,23152.0,1,40.27796173095703,-121.11922454833984,2
2018,2018-08-25,1155,8,2,11,6,N,A,Y,A,H,A,D,22,N,03,C,,,,,C,Y,N,D,1,0,0,0,22350.0,2,39.771522521972656,-120.62001037597656,4
2018,2018-08-27,1700,8,2,17,1,N,A,N,A,H,A,C,02,N,08,F,,,Y,,A,Y,N,D,1,0,0,1,22107.0,1,39.724571228027344,-120.65827941894533,2
2018,2018-07-18,2125,7,2,21,3,N,A,Y,A,H,D,A,01,W,01,A,,,,,C,Y,N,D,1,0,0,0,23152.0,2,39.79844665527344,-120.1469497680664,1
2018,2018-09-03,1045,9,3,10,1,N,A,Y,A,H,A,D,22,S,05,A,,,,,C,Y,N,D,3,0,0,0,21460.0,2,40.21215438842773,-121.06668853759766,3
2018,2018-09-21,1858,9,3,18,5,N,A,Y,A,H,B,C,02,S,01,F,,,Y,,A,Y,N,D,1,0,0,1,23152.0,1,39.83810043334961,-120.14329528808594,2
2018,2018-09-14,818,9,3,8,5,N,A,Y,A,H,A,G,79,E,03,F,,,,Y,A,Y,N,D,1,0,0,0,22350.0,1,40.024375915527344,-120.96269989013672,3
2018,2018-09-16,1200,9,3,12,7,N,A,N,A,H,A,C,02,E,03,E,,,Y,,J,N,N,D,1,0,0,1,22350.0,1,,,2
2018,2018-09-22,1705,9,3,17,6,N,A,Y,A,H,A,N,60,W,11,G,Y,,,,B,N,N,D,1,1,0,0,21954.0,2,39.93536758422852,-120.88700103759766,4
2018,2018-10-04,245,10,3,2,4,N,B,N,B,H,D,A,01,N,03,E,,,,,I,Y,N,D,1,0,0,0,22350.0,1,39.866477966308594,-120.7299575805664,3
2018,2018-10-13,2120,10,3,21,6,N,A,Y,A,H,D,A,07,N,01,E,,,,,I,Y,N,D,1,0,0,0,23152.0,1,40.10025024414063,-120.90894317626952,3
2018,2018-10-17,1422,10,3,14,3,N,A,Y,A,H,A,D,22,W,08,F,,,,,A,Y,N,D,1,0,0,0,22107.0,1,39.96703338623047,-121.2754364013672,2
2018,2018-10-22,1210,10,3,12,1,N,A,N,A,H,A,I,20,E,09,D,,,,,C,Y,N,D,1,0,0,0,21804.0,2,39.9351806640625,-120.93350219726562,3
2018,2018-10-27,1500,10,3,15,6,N,A,N,A,H,A,A,01,N,01,E,,,,,I,Y,M,D,1,0,0,0,23152.0,1,39.9349479675293,-121.0626983642578,4
2018,2018-10-29,1430,10,3,14,1,N,A,Y,A,H,A,A,01,E,01,F,,,,,A,Y,M,D,1,0,0,0,23152.0,1,39.7741584777832,-120.60345458984376,3
2018,2018-10-27,728,10,3,7,6,N,A,Y,A,H,A,A,07,S,08,F,,,,,A,Y,N,D,1,0,0,0,22107.0,1,40.079383850097656,-120.92904663085938,3
2018,2018-11-01,20,11,3,0,4,N,A,N,A,H,D,D,22,E,03,E,,,,,I,N,N,D,1,0,0,0,22350.0,1,39.96798706054688,-120.91639709472656,4
2018,2018-11-02,1330,11,3,13,5,N,A,Y,A,H,A,D,22,W,01,E,,,,,I,Y,N,D,1,0,0,0,23152.0,1,40.015533447265625,-121.20761871337892,3
2018,2018-11-17,1527,11,3,15,6,N,A,Y,A,H,A,C,02,S,03,E,,,Y,,I,N,N,D,1,0,0,1,22350.0,1,39.74008560180664,-120.57997894287108,3
2018,2018-11-20,1050,11,3,10,2,N,A,Y,A,H,A,A,01,S,08,F,,,,,A,Y,N,D,4,0,0,0,22107.0,1,40.07561111450195,-120.94007873535156,3
2018,2018-10-21,1318,10,3,13,7,N,A,Y,A,H,A,A,07,S,01,A,,,,,C,Y,N,D,3,0,0,0,23152.0,2,40.26576614379882,-121.26173400878906,2
2018,2018-11-28,1357,11,3,13,3,N,B,Y,B,H,A,L,04,E,05,D,,Y,,,G,N,N,D,1,0,1,0,21650.0,2,39.934207916259766,-120.90312957763672,3
2018,2018-11-28,1710,11,3,17,3,N,B,Y,B,H,D,-,- ,S,18,H,,,,,H,Y,N,D,1,0,0,0,,1,40.13767623901367,-120.93759155273438,4
2018,2018-11-27,1808,11,3,18,2,N,C,Y,B,H,D,A,01,S,08,F,,,,,I,Y,N,D,1,0,0,0,22107.0,1,40.11540222167969,-120.90692138671876,2
2018,2018-12-03,200,12,4,2,1,N,A,N,C,H,D,A,01,N,01,E,,,,,I,Y,N,D,1,0,0,0,23152.0,1,40.274280548095696,-121.09422302246094,3
2018,2018-12-08,2200,12,4,22,6,N,B,N,C,H,D,A,01,N,03,E,,,,,I,Y,N,D,1,0,0,0,22350.0,1,39.79153060913086,-120.4864501953125,3
2018,2018-12-15,2217,12,4,22,6,N,B,Y,A,H,D,A,07,S,08,E,,,,,I,Y,N,D,1,0,0,0,22107.0,1,39.7285270690918,-120.21199798583984,4
2018,2018-12-18,1743,12,4,17,2,Y,B,Y,B,H,D,A,07,,03,E,,,,,I,Y,N,A,1,0,0,0,22350.0,1,40.171974182128906,-121.08059692382812,4
2018,2018-12-27,1630,12,4,16,4,N,B,N,A,H,B,-,- ,E,18,H,,,,,H,Y,N,D,1,0,0,0,,1,39.78739929199219,-120.49727630615234,4
2018,2018-12-27,2243,12,4,22,4,N,A,Y,A,H,D,C,02,E,01,F,,,Y,,A,Y,N,D,1,0,0,1,23152.0,2,39.965782165527344,-120.94308471679688,3
2019,2019-01-03,810,1,4,8,4,N,B,Y,B,H,A,A,07,S,08,E,,,,,I,Y,N,D,1,0,0,0,22107.0,1,40.075439453125,-120.94036102294922,4
2018,2018-12-24,1915,12,4,19,1,N,B,Y,C,H,C,A,01,E,03,G,Y,,,,B,N,N,D,1,1,0,0,22350.0,2,40.3065299987793,-121.2319107055664,3
2019,2019-01-05,1625,1,4,16,6,N,B,Y,B,H,B,A,07,E,08,E,,,,,I,Y,N,D,1,0,0,0,22107.0,1,39.932411193847656,-120.84848022460938,4
2019,2019-01-14,15,1,4,0,1,N,A,Y,C,H,D,A,01,E,03,E,,,,,I,Y,N,D,1,0,0,0,22350.0,1,39.88314056396485,-120.78090667724608,3
2019,2019-01-15,1515,1,4,15,2,N,B,Y,C,H,A,D,22,E,03,E,,,,,I,Y,N,D,1,0,0,0,22350.0,1,39.81481552124024,-120.65504455566406,3
2019,2019-01-13,1913,1,4,19,7,N,A,Y,A,H,C,A,07,E,08,E,,,,,I,Y,N,D,1,0,0,0,22107.0,1,39.80771255493164,-120.48516845703124,2
2019,2019-01-16,830,1,4,8,3,N,B,Y,C,H,A,A,07,W,08,B,,,,,C,N,N,D,1,0,0,0,22107.0,2,40.31242752075195,-121.22327423095705,4
2019,2019-01-21,730,1,4,7,1,N,B,Y,C,H,B,G,25,W,03,E,,,,Y,I,Y,N,D,1,0,0,0,22350.0,1,39.87379837036133,-120.74706268310548,4
2019,2019-01-17,1154,1,4,11,4,N,B,Y,B,H,A,A,01,S,08,E,,,,,I,Y,N,D,1,0,0,0,22107.0,1,40.13425827026367,-120.91740417480467,3
2018,2018-11-24,2145,11,3,21,6,N,A,N,A,H,D,A,01,N,01,E,,,,,I,Y,N,D,0,0,0,0,23152.0,1,39.8237419128418,-120.48493957519533,1
2019,2019-01-24,2120,1,4,21,4,N,A,Y,A,H,D,G,25,W,08,F,,,,Y,A,Y,N,D,1,0,0,0,22107.0,1,40.028656005859375,-121.12895965576172,2
2019,2019-02-04,1310,2,4,13,1,Y,B,Y,C,H,A,A,07,,10,G,Y,,,,B,N,N,D,1,1,0,0,21950.0,2,39.936721801757805,-120.94760131835938,3
2019,2019-02-10,2056,2,4,20,7,N,B,N,C,H,D,A,01,S,03,C,,,,,C,Y,N,D,2,0,0,0,22350.0,2,40.14921188354492,-120.94081878662108,3
2019,2019-02-15,1755,2,4,17,5,N,B,Y,C,H,D,D,22,W,03,D,,,,,C,Y,N,D,2,0,0,0,22350.0,2,39.85686111450195,-120.6872329711914,3
2019,2019-02-25,1340,2,4,13,1,N,C,Y,B,H,A,A,01,W,01,E,,,,,J,Y,N,D,1,0,0,0,23152.0,1,39.964309692382805,-120.94549560546876,3
2019,2019-02-26,2022,2,4,20,2,N,B,N,B,H,C,D,22,,10,G,Y,,,,B,N,N,D,1,1,0,0,21950.0,2,,,3
2019,2019-02-28,717,2,4,7,4,N,B,N,C,H,A,A,07,W,03,F,,,,,A,Y,N,D,1,0,0,0,22350.0,1,39.94943618774414,-121.03847503662108,3
2019,2019-03-09,2236,3,1,22,6,N,B,Y,B,H,D,A,07,W,03,E,,,,,I,Y,N,D,1,0,0,0,22350.0,1,40.017364501953125,-121.09564208984376,3
2019,2019-03-25,1240,3,1,12,1,N,B,Y,B,H,A,D,22,E,01,E,,,,,I,Y,N,D,1,0,0,0,23152.0,1,39.94526290893555,-121.30750274658205,4
2019,2019-03-19,1645,3,1,16,2,N,B,Y,B,H,A,A,01,S,08,E,,,,,J,Y,N,D,1,0,0,0,22107.0,1,40.25028991699219,-121.07766723632812,3
2019,2019-03-16,1532,3,1,15,6,N,A,N,C,H,A,M,96,N,03,C,,,,,C,N,N,D,2,0,0,0,38305.0,2,40.404083251953125,-121.31383514404295,3
2019,2019-03-30,1440,3,1,14,6,N,A,Y,A,H,A,C,02,W,01,F,,,Y,,A,N,N,D,1,0,0,1,23152.0,1,39.937686920166016,-120.94959259033205,3
2019,2019-03-30,1441,3,1,14,6,N,A,Y,A,B,A,C,02,E,03,F,,,Y,,A,Y,N,D,1,0,0,1,22350.0,1,40.020729064941406,-120.95941162109376,3
2019,2019-04-01,1531,4,1,15,1,N,B,Y,A,H,A,F,26,E,08,F,,,,Y,A,Y,N,D,1,0,0,0,22107.0,1,40.0122184753418,-121.18675994873048,3
2019,2019-03-28,505,3,1,5,4,N,A,Y,C,H,D,A,07,E,03,F,,,,,A,Y,N,D,2,0,0,0,22350.0,1,39.88003158569336,-120.77218627929688,4
2019,2019-04-02,810,4,1,8,2,N,B,N,B,H,A,A,01,W,01,E,,,,,I,Y,N,D,1,0,0,0,23152.0,1,40.08172607421875,-120.89129638671876,3
2019,2019-04-03,1725,4,1,17,3,N,B,N,A,H,A,L,04,S,09,D,,Y,,,G,N,N,D,1,0,1,0,21804.0,2,39.93111801147461,-120.90462493896484,3
2019,2019-04-27,2030,4,1,20,6,N,A,Y,A,H,D,A,01,W,08,E,,,,,I,Y,N,D,1,0,0,0,22107.0,1,40.02213287353516,-121.16786193847656,4
2019,2019-05-01,2030,5,1,20,3,N,A,Y,A,H,D,A,07,E,01,E,,,,,J,Y,N,D,1,0,0,0,23152.0,1,39.937278747558594,-121.31590270996094,3
2019,2019-05-06,1305,5,1,13,1,N,A,Y,A,H,A,-,- ,S,18,H,,,,,H,Y,N,D,1,0,0,0,,1,40.27148818969727,-121.25918579101562,3
2019,2019-05-11,1545,5,1,15,6,N,A,Y,A,H,A,D,22,N,05,B,,,,,C,Y,N,A,1,0,0,0,21460.0,2,40.259708404541016,-121.0815887451172,3
2019,2019-05-28,815,5,1,8,2,N,A,Y,A,H,A,-,- ,W,18,H,,,,,H,Y,N,D,1,0,0,0,,1,39.80247116088867,-120.51557159423828,4
2019,2019-06-09,1536,6,2,15,7,N,A,N,A,G,A,A,07,E,08,E,,,,,I,Y,N,D,3,0,0,0,22107.0,1,,,2
2019,2019-06-19,158,6,2,1,3,N,A,Y,A,H,D,A,01,W,08,E,,,,,I,Y,N,D,1,0,0,0,22107.0,1,40.01739501953125,-121.09580993652344,2
2019,2019-06-20,1320,6,2,13,4,N,A,Y,A,H,A,A,07,E,03,E,,,,,I,Y,N,D,2,0,0,0,22350.0,1,40.262561798095696,-121.30644989013672,3
2019,2019-06-23,1236,6,2,12,7,N,A,N,A,H,A,L,04,N,03,C,,Y,,,A,N,N,D,2,0,2,0,22350.0,2,39.88711929321289,-120.47098541259766,2
2019,2019-06-26,2110,6,2,21,3,N,A,Y,A,H,D,A,01,W,08,E,,,,,I,Y,N,D,2,0,0,0,22107.0,1,39.90354537963867,-121.34870147705078,3
2019,2019-06-29,515,6,2,5,6,N,A,Y,A,H,B,A,01,N,08,E,,,,,I,Y,N,D,1,0,0,0,22107.0,1,40.06270217895508,-120.96025848388672,3
2019,2019-07-06,2248,7,2,22,6,N,A,Y,A,H,D,A,07,N,01,D,,,,,C,N,N,D,1,0,0,0,23152.0,2,39.76989364624024,-120.61976623535156,4
2019,2019-07-03,1256,7,2,12,3,Y,A,Y,A,H,A,A,07,,09,A,,,,,C,Y,N,A,3,0,0,0,21802.0,2,40.03874969482422,-120.98379516601562,2
2019,2019-07-02,1635,7,2,16,2,N,A,Y,A,H,A,A,01,N,08,E,,,,,I,Y,N,D,3,0,0,0,22107.0,1,40.120399475097656,-120.9084243774414,2
2019,2019-07-09,1525,7,2,15,2,N,A,Y,A,H,A,A,01,E,09,A,,,,,C,Y,N,D,2,0,0,0,21804.0,2,40.31326675415039,-121.21343231201172,3
2019,2019-07-13,1350,7,2,13,6,N,A,N,A,H,A,C,02,S,03,E,,,Y,,I,N,N,D,1,0,0,1,22350.0,1,40.15275573730469,-120.93400573730467,2
2019,2019-07-21,2200,7,2,22,7,N,A,N,A,H,D,A,01,E,08,E,,,,,I,Y,N,D,3,0,0,0,22107.0,1,40.084369659423835,-120.87075042724608,3
2019,2019-07-15,1430,7,2,14,1,N,A,N,A,H,A,A,07,E,01,E,,,,,J,Y,N,D,1,0,0,0,23152.0,1,39.706218719482415,-120.9699478149414,3
2019,2019-07-20,1440,7,2,14,6,N,A,Y,A,H,A,D,22,N,01,E,,,,,I,Y,N,D,1,0,0,0,23152.0,1,40.05136489868164,-120.97371673583984,2
2019,2019-07-24,1605,7,2,16,3,N,A,Y,A,H,A,-,- ,W,18,B,,,,Y,C,Y,N,D,3,0,0,0,,2,,,3
2019,2019-07-08,1950,7,2,19,1,N,A,Y,A,D,A,D,22,E,01,C,Y,,,,C,Y,N,A,3,1,0,0,23152.0,3,39.7971305847168,-120.13407135009766,2
2019,2019-07-21,2148,7,2,21,7,N,A,Y,A,H,D,D,22,S,01,F,,,,,A,Y,N,D,2,0,0,0,23152.0,1,40.227584838867195,-121.0768814086914,3
2019,2019-08-01,2030,8,2,20,4,N,A,N,A,H,D,L,04,S,17,F,,Y,,,A,N,N,D,1,0,1,0,21200.0,1,39.931636810302734,-120.89861297607422,3
2019,2019-08-01,1820,8,2,18,4,N,A,Y,A,D,A,A,01,W,03,C,,,,,C,Y,N,A,1,0,0,0,22350.0,2,39.79448699951172,-120.12013244628906,3
2019,2019-08-04,1845,8,2,18,7,N,A,Y,A,H,A,C,02,W,08,F,,,Y,,A,Y,N,D,1,0,0,1,22107.0,1,39.809669494628906,-120.25298309326172,2
2019,2019-08-05,920,8,2,9,1,N,A,Y,A,H,A,-,- ,W,18,H,,,,,H,Y,N,D,1,0,0,0,,1,39.855411529541016,-120.6855239868164,4
2019,2019-08-02,1445,8,2,14,5,N,A,N,A,H,A,D,22,E,08,E,,,,,I,Y,N,D,1,0,0,0,22107.0,1,40.14889526367188,-120.88279724121094,3
2019,2019-08-09,1817,8,2,18,5,N,A,N,A,H,A,A,07,N,08,E,,,,,I,Y,N,D,1,0,0,0,22107.0,1,39.97531509399414,-120.90745544433594,4
2019,2019-08-04,130,8,2,1,7,N,A,Y,A,D,D,A,07,E,03,C,,,,,C,Y,N,D,1,0,0,0,22350.0,2,39.80387115478516,-120.17619323730467,4
2019,2019-08-07,2220,8,2,22,3,N,A,N,A,H,D,A,01,E,01,E,,,,,I,Y,N,D,1,0,0,0,23152.0,1,39.79674911499024,-120.47708892822266,3
2019,2019-08-14,1034,8,2,10,3,N,A,Y,A,H,A,-,- ,E,00,F,,Y,,,A,N,N,D,1,0,1,0,,1,39.81469345092773,-120.45743560791016,2
2019,2019-08-14,735,8,2,7,3,N,A,Y,A,H,A,G,25,E,05,A,,,,Y,C,Y,N,D,1,0,0,0,21460.0,2,39.94294357299805,-121.30787658691406,3
2019,2019-08-12,1310,8,2,13,1,N,A,N,A,G,A,C,02,W,08,F,,,Y,,A,N,N,D,2,0,0,2,22107.0,1,39.878700256347656,-121.169677734375,3
2019,2019-08-13,2220,8,2,22,2,N,A,Y,A,H,D,D,22,W,01,E,,,,,I,Y,N,D,1,0,0,0,23152.0,1,39.99751663208008,-120.95563507080078,3
2019,2019-08-19,1710,8,2,17,1,N,A,Y,A,H,A,D,22,E,08,E,,,,,I,Y,N,D,1,0,0,0,22107.0,1,39.93799209594727,-121.31534576416016,3
2019,2019-08-18,949,8,2,9,7,N,A,Y,A,H,A,A,07,N,01,E,,,,,I,Y,N,D,1,0,0,0,23152.0,1,40.1734733581543,-120.97743988037108,3
2019,2019-08-19,1613,8,2,16,1,N,A,Y,A,D,A,D,22,W,08,A,,,,,C,Y,N,A,2,0,0,0,22107.0,3,39.809436798095696,-120.21192169189452,4
2019,2019-08-19,2255,8,2,22,1,N,A,N,A,H,D,A,01,W,03,E,,,,,I,Y,N,D,5,0,0,0,22350.0,1,40.31388092041016,-121.23792266845705,2
2019,2019-08-24,929,8,2,9,6,N,A,Y,A,H,A,C,02,E,08,F,,,Y,,A,N,N,D,1,0,0,1,22107.0,1,40.03530883789063,-120.96434783935548,3
2019,2019-08-27,1235,8,2,12,2,N,A,N,A,H,A,A,01,W,01,E,,,,,I,Y,N,D,1,0,0,0,23152.0,1,39.775726318359375,-120.67292022705078,4
2019,2019-08-24,1930,8,2,19,6,N,A,N,A,H,A,A,01,N,08,E,,,,,I,Y,N,D,3,0,0,0,22107.0,1,40.34479141235352,-121.30751800537108,3
2019,2019-08-24,1535,8,2,15,6,Y,A,N,A,H,A,M,91,,22,F,,,,,A,N,N,D,1,0,0,0,,1,40.2347412109375,-121.19550323486328,2
2019,2019-08-28,1300,8,2,13,3,N,A,Y,A,D,A,G,25,W,03,C,,,,Y,C,Y,N,D,2,0,0,0,22350.0,2,39.79770278930664,-120.1397705078125,3
2019,2019-09-03,1952,9,3,19,2,N,A,Y,A,H,D,-,- ,W,18,H,,,,,H,Y,N,D,1,0,0,0,,1,39.817161560058594,-120.33290100097656,4
2019,2019-09-03,1455,9,3,14,2,N,A,Y,A,H,A,D,22,S,08,E,,,,,I,Y,N,D,1,0,0,0,22107.0,1,40.22624588012695,-121.20675659179688,3
2019,2019-08-30,2100,8,2,21,5,N,A,N,A,H,D,-,- ,N,18,H,,,Y,,H,Y,N,D,1,0,0,1,,1,39.83108139038086,-120.37538909912108,2
2019,2019-09-03,2137,9,3,21,2,N,A,Y,A,H,D,A,01,W,01,E,,,,,I,Y,M,D,2,0,0,0,23152.0,1,39.81723403930664,-120.35128784179688,2
2019,2019-09-07,1512,9,3,15,6,N,A,Y,A,H,A,A,07,E,08,E,,,,,I,Y,N,D,1,0,0,0,22107.0,1,39.799999237060554,-120.51960754394533,3
2019,2019-09-09,1655,9,3,16,1,N,A,Y,A,H,A,C,02,N,06,E,,,Y,,I,Y,N,D,1,0,0,1,21755.0,1,40.0511131286621,-120.97412109375,2
2019,2019-09-07,1012,9,3,10,6,N,B,Y,A,H,A,-,- ,N,18,E,,,,,I,Y,N,D,1,0,0,0,,1,40.0626335144043,-120.96148681640624,2
2019,2019-09-09,1800,9,3,18,1,N,A,Y,A,H,A,L,04,,09,H,,Y,,,G,N,N,D,1,0,1,0,21804.0,2,39.937599182128906,-120.94635772705078,3